{"cameraMode":{"drawMode":0,"name":"Shaded","section":"Shading Mode"},"sceneLighting":false,"audioPlay":false,"sceneViewState":{"showFog":true,"showMaterialUpdate":false,"showSkybox":false,"showFlares":true,"showImageEffects":true,"showParticleSystems":true},"in2DMode":false,"pivot":{"x":22.93285369873047,"y":4.5356268882751469,"z":11.654335021972657},"rotation":{"x":0.02317461185157299,"y":0.9699938297271729,"z":-0.10252920538187027,"w":0.21925324201583863},"size":17.398494720458986,"orthographic":false}