{"cameraMode":{"drawMode":0,"name":"Shaded","section":"Shading Mode"},"sceneLighting":false,"audioPlay":false,"sceneViewState":{"showFog":true,"showMaterialUpdate":false,"showSkybox":false,"showFlares":true,"showImageEffects":true,"showParticleSystems":true},"in2DMode":false,"pivot":{"x":0.0,"y":7.553732872009277,"z":80.69802856445313},"rotation":{"x":0.058760300278663638,"y":0.9319424629211426,"z":-0.1756673902273178,"w":0.31173449754714968},"size":22.896142959594728,"orthographic":false}