{"cameraMode":{"drawMode":0,"name":"Shaded","section":"Shading Mode"},"sceneLighting":false,"audioPlay":false,"sceneViewState":{"showFog":true,"showMaterialUpdate":false,"showSkybox":false,"showFlares":true,"showImageEffects":true,"showParticleSystems":true},"in2DMode":false,"pivot":{"x":-4.2440948486328129,"y":2.41973876953125,"z":-75.93350219726563},"rotation":{"x":-0.06829647719860077,"y":0.9028347134590149,"z":-0.15619519352912904,"w":-0.3947630524635315},"size":75.85265350341797,"orthographic":false}