{"cameraMode":{"drawMode":0,"name":"Shaded","section":"Shading Mode"},"sceneLighting":false,"audioPlay":false,"sceneViewState":{"showFog":true,"showMaterialUpdate":false,"showSkybox":false,"showFlares":true,"showImageEffects":true,"showParticleSystems":true},"in2DMode":false,"pivot":{"x":-55.06002426147461,"y":1.7229156494140626,"z":-72.36180114746094},"rotation":{"x":0.05727805197238922,"y":0.9419066309928894,"z":-0.21291427314281465,"w":0.25339382886886599},"size":19.65784454345703,"orthographic":false}